{
  "write_remote_per_event_mb": {
    "count": 16,
    "min": 0.5732421875,
    "max": 1.681640625,
    "mean": 1.12744140625,
    "median": 1.12744140625,
    "std_dev": 0.42199102619386475,
    "variance": 0.17807642618815103,
    "q1": 0.8662109375,
    "q3": 1.388671875,
    "iqr": 0.5224609375,
    "range": 1.1083984375,
    "cv": 0.37429087121915766,
    "max_speedup": 2.9335604770017034,
    "min_speedup": 0.3408826945412311,
    "speedup_factor": 2.9335604770017034,
    "mean_to_min_ratio": 1.9667802385008517,
    "max_to_mean_ratio": 1.4915547856214812
  },
  "event_throughput": {
    "count": 16,
    "min": 0.015921944260457534,
    "max": 0.02625829762204857,
    "mean": 0.022317881969590985,
    "median": 0.023130108903193135,
    "std_dev": 0.00425298192039513,
    "variance": 1.8087855215207853e-05,
    "q1": 0.019353383542099693,
    "q3": 0.02625829762204857,
    "iqr": 0.0069049140799488755,
    "range": 0.010336353361591034,
    "cv": 0.19056386830031585,
    "max_speedup": 1.649189143769431,
    "min_speedup": 0.6063585876598563,
    "speedup_factor": 1.649189143769431,
    "mean_to_min_ratio": 1.4017058221349192,
    "max_to_mean_ratio": 1.176558674242769
  },
  "memory_per_event_mb": {
    "count": 16,
    "min": 1.3019998372500203,
    "max": 1.4579998177500229,
    "mean": 1.3799998275000216,
    "median": 1.3799998275000216,
    "std_dev": 0.0790240370950529,
    "variance": 0.006244798438800297,
    "q1": 1.3042498369687703,
    "q3": 1.455749818031273,
    "iqr": 0.15149998106250262,
    "range": 0.15599998050000252,
    "cv": 0.05726380215438952,
    "max_speedup": 1.1198156682027651,
    "min_speedup": 0.8930041152263374,
    "speedup_factor": 1.1198156682027651,
    "mean_to_min_ratio": 1.0599078341013826,
    "max_to_mean_ratio": 1.056521739130435
  },
  "network_transfer_per_event_mb": {
    "count": 16,
    "min": 0.5732421875,
    "max": 3.333984375,
    "mean": 1.95361328125,
    "median": 1.95361328125,
    "std_dev": 0.8718683787177642,
    "variance": 0.7601544698079427,
    "q1": 1.295166015625,
    "q3": 2.612060546875,
    "iqr": 1.31689453125,
    "range": 2.7607421875,
    "cv": 0.44628503864383434,
    "max_speedup": 5.8160136286201025,
    "min_speedup": 0.17193907439953135,
    "speedup_factor": 5.8160136286201025,
    "mean_to_min_ratio": 3.4080068143100513,
    "max_to_mean_ratio": 1.7065733566608348
  }
}